feature,class_label
"[-2.8010910e+02  1.0161905e+02 -8.4145708e+00  7.0413756e+00
 -1.9098282e+01  1.5165633e+00  2.8370786e+00 -8.3042164e+00
  7.9156075e+00  7.5785317e+00  2.5923343e+00 -3.7380297e+00
 -4.0472403e+00 -3.1815894e+00  5.5016885e+00  9.1327553e+00
  1.2915249e+01  4.4647651e+00 -2.7762744e+00 -7.7363629e+00
 -9.8563552e-01  1.9451658e+00  2.3660097e+00 -7.0644569e+00
 -6.7406945e+00 -4.4027691e+00 -1.8738082e-01 -2.9738724e+00
 -6.2710404e-01  4.4345632e+00  7.9719396e+00  6.5435467e+00
  9.7667211e-01 -4.6448255e-01  5.0181285e-02 -2.9566455e+00
 -2.3791897e+00  6.7183411e-01 -1.3254199e+00 -3.5863452e+00]",0
"[-2.9420776e+02  1.4102964e-01 -4.1779770e+01  2.5674736e+01
 -6.9120798e+00 -5.2978158e+00  1.6337029e+01  8.1140375e+00
  6.4196472e+00 -9.2119370e+00  2.5986757e+00  5.8178892e+00
  6.5313292e+00  3.3320698e+01  2.5963415e+01  1.3732847e+01
  3.1883209e+00 -5.5880313e+00 -1.9393333e+00  3.7199368e+00
 -1.7739269e+00 -4.1825042e+00  3.1743069e+00  3.2118957e+00
  4.0952511e+00  6.0127602e+00  1.0960649e+01  9.4778461e+00
  1.1121942e+00  2.8453994e+00  7.4683924e+00  3.0570984e+00
 -2.0963748e+00  2.1498102e-01  2.0767121e+00 -1.1075740e+00
  4.6508718e-01  2.2828250e+00  2.3736770e-01 -2.5654936e+00]",0
"[-1.9335413e+02  7.7426941e+01 -5.1931980e+01  9.5251017e+00
 -2.2900709e+01  4.8741527e+00  1.7154402e+01  6.8021884e+00
 -1.1362273e-01 -3.6961212e+00  4.6393895e+00  3.4430058e+00
  2.3567188e+00  8.9081917e+00  1.0482223e+01  1.3085748e+01
  1.9573870e+01  8.6489525e+00  3.5443208e+00  3.1550937e+00
  9.1695576e+00  2.7408991e+00  1.1408616e+00 -1.3377225e+00
  9.6697319e-01  3.5351274e+00  4.2989802e+00  1.8990805e+00
  5.8053799e+00  6.0326743e+00  4.2620234e+00  3.0226362e+00
  2.7115407e+00  2.3946669e+00  1.8740363e+00 -7.4175942e-01
  9.3117291e-01  7.1490443e-01 -3.6264801e-01  1.7724187e+00]",0
"[-2.6054584e+02 -1.7994354e+01 -5.1469112e+01  1.3600603e+01
 -1.9406477e+01 -8.2692547e+00  2.3878685e+01  3.5147185e+00
 -5.7289009e+00 -1.0224868e+01 -1.9169183e+00  8.5908518e+00
  6.1883826e+00  5.0459171e+01  4.3395584e+01  2.0701994e+01
 -4.8136253e+00 -1.2197953e+01 -8.3579082e+00  8.7999601e+00
  9.4086847e+00 -6.8049498e+00 -1.4075329e+01  7.6157713e+00
  1.6570103e+01  8.3315706e+00 -8.5086721e-01  1.2709240e+01
  1.8032492e+01  2.7129526e+00 -8.9524307e+00  4.9953604e+00
  5.7928677e+00 -8.3974659e-02 -5.8187108e+00 -3.7224954e-01
 -3.0494938e+00 -4.2485075e+00  8.4678755e+00  8.0363884e+00]",0
"[-2.0428732e+02  3.2572281e+01 -4.3695560e+01 -1.8818753e+00
 -1.0581639e+00  9.0210781e+00 -3.7393255e+00  2.3697714e+01
 -6.8646526e+00  1.7804009e+00  1.2879087e-02 -2.5010684e+00
 -1.0429624e+01 -2.2570722e+00  7.4645581e+00  1.5608128e+01
  1.9171492e+01  2.0252113e+01 -8.7935953e+00 -5.9524503e+00
 -3.6175820e-01  7.4703860e+00  6.6299610e+00  5.5997376e+00
 -7.8455324e+00 -1.2496581e+00  5.1343265e+00 -2.3145184e-01
 -3.0965340e+00 -2.5718656e+00  1.1168844e+01  6.1975517e+00
  2.7432601e+00 -1.6933931e+00  4.3197427e+00 -2.5397107e-01
 -2.5723667e+00 -1.4799426e-01  3.1355643e+00 -6.1138196e+00]",0
"[-2.7866437e+02 -1.7103016e+01 -6.7302429e+01  7.9249458e+00
 -5.4581245e+01  7.0311470e+00 -4.4593587e+00 -4.1312298e-01
 -8.3510885e+00 -6.0937023e+00 -1.5478463e+01 -1.1360346e+01
  4.0273542e+00  3.2864804e+00  5.0279369e+00  1.7519365e+01
  1.1258515e+01  4.1192865e+00 -1.4566023e+00 -4.9172697e+00
 -2.3576107e+00 -7.9245158e-02  1.5825534e-01 -5.6991706e+00
 -4.5843582e+00  1.9164754e-01  2.1761031e+00 -7.9927218e-01
  1.7100501e+00  3.1551187e+00 -5.2859783e-01  3.6848683e+00
 -1.0081813e-01  1.8397751e+00  1.7071252e+00 -1.1627445e+00
 -1.8853776e+00  2.9370626e-02 -1.6778473e+00 -2.2421086e+00]",0
"[-2.8869824e+02 -3.7756371e+01 -7.8769638e+01  1.1123163e+01
 -4.7712204e+01  6.7151327e+00 -1.1433075e+01  5.0229030e+00
 -1.0311567e+01 -4.5283809e+00 -2.2360971e+01 -1.1911052e+01
  3.9217865e+00  7.3516746e+00  7.9007788e+00  1.5873078e+01
  9.5041704e+00 -1.1807685e+00 -5.7025218e+00 -3.9109519e+00
  2.6155717e+00 -2.0864303e-01 -4.8284507e+00 -8.8973618e+00
 -2.8895807e+00  6.8283421e-01  8.9308776e-02 -2.1527948e+00
  5.2251105e+00  7.6803265e+00  6.5038109e-01  1.6037652e-01
 -3.3156064e+00  3.3547673e+00 -2.2530627e+00 -8.9719021e-01
 -1.2945679e+00 -2.1508701e+00 -3.0323312e+00 -1.5784826e+00]",0
"[-1.7326480e+02  9.1327801e+00 -6.0263199e+01 -1.0683901e+00
 -5.7855177e+00 -2.3857756e+01 -1.8783880e+01  1.4206252e+01
  6.6955690e+00 -6.8128614e+00 -8.7026536e-01  1.4985650e+00
  1.1592121e+01  6.5364885e+00 -5.4515541e-01  3.9739135e-01
  6.4654368e-01 -1.3301678e+00 -2.2496455e+00 -5.0587430e+00
 -8.3227366e-01 -3.9229231e+00 -2.9508128e+00  9.8901339e-02
  3.6903068e-01 -1.8782927e-01 -3.8875370e+00 -1.6563962e+00
 -2.9496126e+00 -5.3403860e-01 -1.9745257e+00  9.5541614e-01
 -1.6180229e+00  2.7944300e-01 -1.6496387e-01 -1.0637603e+00
 -1.3362290e+00 -1.3586196e+00 -4.2342111e-01 -4.0218624e-01]",0
"[-1.6256934e+02 -7.2566752e+00 -7.2465492e+01  1.1249524e+00
  5.9731972e-01 -7.5164275e+00 -1.5123745e+01  1.2267870e+01
  1.2505213e+01 -1.0721906e+01 -2.3477805e+00  6.6329150e+00
  1.7255945e+01  1.5711797e+00  2.8236532e+00  3.2366595e+00
 -2.6787827e+00 -1.3261250e+00  2.8419139e+00  3.0060499e+00
  3.9655161e+00 -7.9957218e+00 -3.7433636e+00  2.4720948e+00
  3.0516431e+00 -2.6048419e-01 -1.0291692e+00  3.6534638e+00
 -4.9748592e+00 -2.8760624e+00  8.8264084e-01  3.4575224e+00
 -3.4924805e+00  5.2535331e-01 -1.1628857e-01 -9.7707218e-01
  1.2987233e+00  2.3591673e+00 -6.2207055e-01  1.5621467e+00]",0
"[-3.1464850e+02  3.5338013e+01 -3.5469604e+01 -2.9640856e+01
 -9.6638870e+00 -3.9724138e-01  1.1203005e+01  4.0218525e+00
  3.1070318e+00 -5.3930070e-02 -5.3366065e+00  5.8598059e-01
  4.9451747e+00 -2.7917922e+00  1.2500138e+01  2.5705953e+00
  9.4432802e+00  6.8553629e+00  3.7689695e+00  2.9030838e+00
  8.9930695e-01  1.4387270e+00  3.5805309e+00 -1.0561599e+00
 -1.1064339e-01  5.3452873e-01  6.1046118e-01 -1.2548953e+00
 -1.4018893e+00  2.2479980e+00  7.9149098e+00  7.9772992e+00
  3.8797846e+00  1.8669887e+00  1.9084207e+00 -7.1727914e-01
  8.6189114e-02  2.5194533e+00  2.8554721e+00 -1.1730251e-01]",0
"[-3.03901123e+02  5.44930649e+01 -3.24568138e+01  3.20429993e+01
 -3.01489792e+01 -4.95601930e-02 -2.04005890e+01  3.56661654e+00
  2.86935406e+01  6.83912420e+00  1.08730882e-01 -2.81934786e+00
 -1.80852461e+00 -1.31810055e+01 -2.32794547e+00 -2.27656841e+00
  1.06254263e+01  1.56632586e+01  1.59536066e+01  1.68253765e+01
  1.48609245e+00  6.49558640e+00  2.21418405e+00 -3.50639963e+00
 -2.78049159e+00 -6.56470728e+00 -5.84194613e+00 -2.53739381e+00
  9.10869181e-01 -6.89244127e+00 -7.18702650e+00 -4.91956204e-01
  6.23948002e+00  3.22173858e+00 -3.29704285e-01  2.88962436e+00
  4.82952070e+00 -9.91125882e-01 -3.87007284e+00  2.48113275e+00]",0
"[-1.95709351e+02  2.43006668e+01 -9.35303593e+00 -1.41487665e+01
 -1.03155451e+01 -1.18828316e+01 -1.20269918e+01  1.47995281e+01
 -8.83964263e-03  6.10499573e+00 -1.75446123e-01  1.60177723e-01
  4.72165680e+00  4.90457153e+00 -7.30050951e-02  1.20835793e+00
 -6.58318996e+00 -8.21700215e-01 -3.19367433e+00  2.84998226e+00
 -3.09577990e+00  3.41861701e+00 -2.32446527e+00 -3.33205611e-01
 -1.52891839e+00  3.70553994e+00 -7.33780026e-01  1.40160418e+00
 -2.48078942e+00  8.58009636e-01 -3.83322144e+00 -1.95720768e+00
 -4.25974512e+00  5.14799416e-01 -8.28258932e-01 -9.20014977e-01
 -1.72126412e-01 -1.59088087e+00 -1.26027167e+00 -4.82656419e-01]",0
"[-2.11918152e+02  4.44390182e+01 -1.20996075e+01 -1.42078905e+01
 -9.47333241e+00  4.47693205e+00 -6.88463736e+00  1.01513453e+01
  2.15928149e+00  2.22007918e+00 -3.58082676e+00  8.16119835e-02
 -3.04727030e+00  6.58720303e+00  3.70448923e+00  3.67408895e+00
 -1.66372168e+00  1.27039135e+00 -3.19235063e+00  2.51791000e-01
 -2.54175854e+00  1.94215059e+00 -1.42235160e+00  2.79768482e-02
  4.06048894e-01  4.73869705e+00 -3.36832452e+00  2.18028736e+00
 -1.82536364e+00  2.59061933e+00 -5.94193339e-01  1.54742026e+00
  7.35155726e-03 -1.59071493e+00 -1.35481811e+00  1.55784264e-01
 -5.16733587e-01 -3.88225108e-01 -7.55041361e-01  2.68695682e-01]",0
"[-3.5124371e+02 -4.5873444e+01 -7.1211823e+01 -3.8292282e+01
 -1.8808138e+01 -2.1056221e+01 -9.8982744e+00 -7.4689245e-01
 -1.9703566e+01 -8.2367170e-01 -6.9876618e+00  3.3258159e+00
 -4.5840364e+00 -1.0133299e+01  2.8927822e+00  8.6674299e+00
  9.0605745e+00  4.2950106e+00  7.2974582e+00  9.0613356e+00
  5.6185002e+00 -1.9468732e+00 -5.9981456e+00 -1.1337074e+00
 -2.4658182e+00 -2.2343099e+00 -8.6434036e-01 -3.3267488e+00
 -3.0291212e+00  1.3243072e+00  4.4114417e-01  6.5351540e-01
  1.8768896e+00  5.7785809e-01  5.4111379e-01  2.0208161e+00
 -1.4046648e+00  7.3836434e-01  3.6260545e+00  1.2312514e-01]",0
"[-1.8454254e+02  3.6266605e+01 -5.6023212e+01 -2.6653257e+01
 -2.4342100e+01 -2.6673324e+00  1.2453978e+01  1.1940357e+01
 -1.0327778e+01  1.0706435e+01 -1.3871743e+01  2.0553823e+00
 -4.5499239e+00 -1.8699123e+01 -7.2632685e+00  2.3083887e+00
 -2.1697078e+00 -5.1971660e+00 -4.7319317e+00 -1.1297638e+00
 -2.1929343e+00 -7.6307452e-01 -3.5924666e+00  3.3226268e+00
  6.6925626e+00  6.3185841e-01  8.8915567e+00  4.8955860e+00
  2.4475220e-01  5.1753020e+00  2.8457494e+00  4.6652098e+00
  2.4279795e+00  7.3438071e-02  6.5283270e+00 -1.5785953e+00
  1.4030755e+00  8.7520301e-01 -3.9448944e-01  2.5703791e-01]",0
"[-1.8437013e+02  1.2457518e+01 -3.2288944e+01 -1.2456843e+01
 -1.4117476e+01  1.5734394e+01  1.6017368e+01  1.4847094e+01
  3.8158045e+00  9.6224433e-01  2.7174311e+00  5.9113746e+00
 -4.7987986e+00 -9.0620356e+00 -5.9903045e+00  2.6863158e+00
  1.3019470e+00 -1.0843987e+00  2.8185701e+00  4.5789995e+00
 -3.9364223e+00 -8.6710167e-01 -1.0633333e+00 -1.5361098e+00
  1.2587744e-01 -8.6712418e+00 -2.0777237e+00 -6.6623110e-01
 -1.7863992e+00  7.3059578e+00 -7.1396947e-01  4.4884363e-01
  2.7058396e-01  2.2711280e-01 -2.4306431e+00  3.5151193e+00
 -3.0554578e+00  3.2000422e+00 -3.1412175e+00 -2.5300455e+00]",0
"[-2.35671005e+02  8.32979355e+01 -2.90203762e+01 -7.10415411e+00
 -1.05084972e+01  1.91514206e+00  1.37063360e+01  2.72587795e+01
  1.09766302e+01 -3.96308112e+00  2.90372825e+00 -2.40048552e+00
 -6.16879177e+00 -1.21367872e+00 -1.16582279e+01  1.51841819e+00
 -7.75524020e-01 -1.48864463e-01 -5.05625963e-01  6.81961250e+00
 -3.97465062e+00 -1.36570263e+00 -1.73104465e-01  1.05348625e+01
  1.55579770e+00 -5.45595026e+00  1.39027405e+00 -5.87828493e+00
  1.28512636e-01 -6.00268984e+00 -2.51963401e+00 -5.68506861e+00
  9.83249903e-01  9.45850074e-01  3.90319204e+00  2.70350838e+00
  2.72257519e+00  9.20719862e-01  1.32018197e-02  1.21238577e+00]",0
"[-3.2696854e+02  6.4119720e+00 -4.6059395e+01  1.0378829e+01
 -1.8803379e+01 -4.7025027e+00 -3.6372948e+01 -8.4381752e+00
 -2.2939510e+00 -9.5289421e+00 -8.9553366e+00  3.5900033e-01
  6.3084593e+00  1.3217778e+01  9.2296247e+00  5.5623317e+00
  4.8397925e-02 -1.2720909e+01 -3.8699539e+00 -7.8255610e+00
 -2.2668445e+00  2.0200748e+00 -8.2967672e+00 -5.2307854e+00
 -2.4000134e+00 -1.9383229e-01 -1.6068060e+00  7.7909964e-01
  6.0579948e+00  3.7167075e+00  5.3450763e-01  9.5124537e-01
 -3.0903101e+00 -4.2631931e+00 -4.7669988e+00 -6.0900869e+00
 -1.1412139e+00 -1.6077461e+00 -2.7678695e+00 -4.2885879e-01]",0
"[-1.7160468e+02  4.9819965e+01 -7.3350029e+01 -1.1500793e+01
 -4.5779301e+01 -8.7256613e+00 -3.3419586e+01 -1.5876781e+01
  2.5257706e+01 -2.0361555e+01 -1.4743178e+01 -8.1042185e+00
 -4.8765130e+00 -5.2433240e-01  6.5907559e+00  8.3374834e+00
  2.8765943e+00 -1.0779498e+01  4.7725582e+00 -1.0197998e+01
 -8.8018446e+00  3.6046338e-01 -1.1221941e+01 -9.7565985e-01
 -1.7208052e+00 -2.4523854e+00  3.7649319e+00  4.4899387e+00
  1.7684225e+00 -3.8071528e-02  4.7621088e+00 -4.3487525e+00
  1.3496592e+00 -6.6218156e-01  2.2929916e+00 -2.1540849e+00
 -2.9212370e+00 -2.1048853e+00 -3.1868167e+00  1.0753360e+00]",0
"[-294.21088     33.772697   -42.2341      16.197786   -27.114012
  -12.792254   -31.669579    -9.00801     -4.4911404  -19.41014
  -12.610753     2.3942602   -2.34482      3.5051744   10.808046
   16.008924     5.274002   -10.128943    -6.141678    -8.980864
   -2.0157003   -2.9272494   -8.873433   -14.242206    -5.654288
    0.950725     4.135798     3.150125     3.8855314    7.902188
    3.6839833   -5.6754723   -2.7445617   -2.177768    -1.9580516
   -4.971581    -2.5774515   -3.322893    -5.092262    -2.3988497]",0
"[-2.63635956e+02 -5.45128059e+00 -6.76389694e+01  5.25602818e-01
 -2.77947865e+01 -5.59104347e+00 -3.15407848e+01 -1.06005659e+01
 -1.33918333e+01 -7.81272840e+00  1.02497396e+01  3.75997901e-01
  1.75197041e+00  6.40441370e+00  1.08017845e+01 -6.09430647e+00
  5.41733027e+00 -6.24157143e+00 -9.37196195e-01 -5.30103493e+00
 -8.44779491e+00 -2.36993700e-01 -5.35552645e+00 -2.14072990e+00
 -4.96370256e-01 -6.32264316e-01 -2.73882890e+00  1.00154364e+00
 -1.27236640e+00  1.24442267e+00  2.48090053e+00 -2.67834044e+00
 -4.96129066e-01  6.29395008e-01  1.49866939e+00 -2.90941668e+00
 -3.20640206e+00  1.40223897e+00 -4.20687103e+00 -3.64624763e+00]",0
"[-2.2690457e+02  3.7416203e+01 -6.5189941e+01  1.1674243e+01
 -4.8455658e+01 -2.1080807e+01 -3.2935490e+01 -2.9994461e+01
  1.2410292e+01 -2.4871531e+01 -1.1570471e+01 -1.0241957e+01
 -2.4266064e+00  4.0370994e+00  1.9510469e+01  8.9953165e+00
  1.4331599e+01 -1.2074348e+01 -4.2922916e+00 -1.4577274e+01
 -2.9315002e+00 -3.0189953e+00 -8.4896145e+00 -8.0978107e+00
 -3.4044602e+00  1.7663729e+00  7.7367365e-01  1.3463737e+00
  8.1627378e+00  4.3299403e+00  3.2490149e+00 -2.9337084e+00
 -1.0343597e+00  2.7092941e+00 -2.9710147e+00 -5.5779147e+00
 -2.3768294e+00 -3.6761930e+00 -3.2411225e+00  1.5033616e-01]",0
"[-276.96283      50.192455      2.154202     -7.142763      4.668235
   -6.6063986     6.7900853    16.590458     10.904772      2.3454251
   -0.8052255     0.7496277    -0.9595732     4.608682      3.9992015
    3.175476      6.757007      5.381696      2.646208      7.4631805
    7.6719604    10.244758      4.601116      2.8938344    -0.51129496
    0.6903084     4.3665805     1.8596647     3.2886472     2.3347812
    1.8695066     2.9478314     1.9038202     2.1310782    -1.2150903
    1.5917096     1.322199      2.7751238     2.1231594     2.285564  ]",0
"[-2.0301700e+02  3.9867405e+01 -2.1312696e+01 -9.5224237e+00
 -9.6793711e-01 -1.9518293e+01 -8.0906944e+00  1.4522866e+01
 -9.1948444e-01  4.6056833e+00 -1.2661938e+01 -5.3948164e-01
  3.0419576e+00  3.8284025e+00  2.4319429e+00  5.5984192e+00
  8.4608421e+00  1.4842506e+01  3.4083745e+00  5.4500666e+00
  8.8312316e-01  3.0928609e+00 -1.2561272e+00  1.5182704e-01
 -2.4963866e-01  1.5364265e-01  1.6327096e+00  2.9975268e-01
  3.3276401e+00  3.9711559e+00  3.3513217e+00  1.8910024e+00
  4.2621694e+00  6.7403984e+00  5.2292857e+00  5.2924738e+00
  3.0757000e+00  3.8476863e+00 -6.0854596e-01  7.5519890e-01]",0
"[-2.61859100e+02  5.67409401e+01 -2.87177811e+01 -8.44288921e+00
 -1.03350105e+01 -9.59850597e+00 -4.25277615e+00  6.01194859e+00
  1.80068099e+00  2.79104781e+00 -1.12862625e+01  5.06399632e-01
  2.59911388e-01  7.26401269e-01  2.37710547e+00  3.23272705e+00
  4.09291792e+00  8.57566643e+00  5.20199251e+00  9.64322090e+00
  6.64698553e+00  6.22337246e+00  1.51519871e+00 -3.44161987e-01
 -1.24872100e+00 -2.05629945e-01  1.79582548e+00  1.74224114e+00
 -1.39767635e+00 -8.97978604e-01 -1.16031861e+00 -2.25489706e-01
  3.08075577e-01  3.79299331e+00  5.56704187e+00  7.66414738e+00
  6.89577675e+00  5.70381260e+00  2.84081244e+00  1.83259606e+00]",0
"[-2.1518820e+02  5.9713875e+01 -2.9383020e+01  4.9376650e+00
 -3.5746975e+00  1.1643051e+00 -2.7967918e+01  1.3080967e+01
 -4.9845174e-01  6.2580376e+00 -1.4101022e+01 -9.6871454e-01
  1.0852672e-01 -7.4526086e+00 -6.8703728e+00  1.2568148e+00
  6.0172111e-01  8.3215294e+00 -8.6943370e-01  1.6818475e+00
 -5.2134004e+00 -1.6438596e+00 -4.6887517e+00 -1.4796098e+00
 -4.9576756e-01 -6.9679160e+00 -4.1648078e+00 -5.4162178e+00
 -1.2687207e+00 -3.6129711e+00 -4.3430753e+00  4.5762534e+00
 -6.7158163e-01  3.1389420e+00 -8.7180328e-01  3.3544222e-01
 -1.8010927e+00 -5.9384909e+00 -2.4804793e-01 -3.7625082e+00]",0
"[-2.0012283e+02  7.3393112e+01 -3.1381863e+01 -8.2248962e-01
 -1.0421236e+01 -4.8884859e+00 -3.5762894e+01  3.7950251e+00
 -9.8342276e+00  3.8029943e+00 -9.1985588e+00  1.9364319e+00
 -2.9262786e+00 -5.5539179e+00 -4.0453525e+00  7.6104057e-01
 -3.8911715e+00  2.5583951e+00 -3.2121503e-01  1.7610395e-01
 -3.6532214e+00  9.2066473e-01 -3.8596699e+00 -5.1892724e+00
 -2.6672974e+00 -4.2636375e+00 -9.1658670e-01 -3.1185553e+00
  6.5095939e-02  1.2787962e+00 -2.2359264e+00 -6.8506509e-01
 -4.9186344e+00 -2.2896971e-01 -5.0468230e-01 -1.5875992e+00
 -2.1250202e-01 -1.6705102e+00  2.0847750e+00 -2.8949652e+00]",0
"[-2.5163535e+02  5.6064877e+01 -3.7664635e+01 -5.3015633e+00
 -1.0957559e+01 -2.2653382e+00 -2.8686085e+01 -2.7994413e+00
 -1.1681999e+01 -7.7201381e+00 -1.1185087e+01  1.5046056e-01
 -8.6010790e+00 -1.1032698e+00  2.6935381e-01  7.9305015e+00
  6.0189400e+00 -8.4353691e-01 -8.7545700e+00 -7.2864146e+00
 -1.2537794e+00  5.9856086e+00 -3.5192616e+00 -5.0885983e+00
 -5.3082829e+00 -5.2362700e+00 -1.9569783e+00 -6.0811300e+00
 -2.2405896e+00  2.5353155e+00  2.1767766e+00  3.7698038e+00
 -2.8963623e+00  1.0105574e+00 -1.7671752e+00 -3.0530171e+00
 -8.2168078e-01 -5.2822948e+00  8.5704368e-01 -5.2474480e+00]",0
"[-2.1722127e+02  1.3242275e+00 -4.0406845e+01  4.2271476e+00
 -5.2607999e+00  4.7495675e+00 -2.4956064e+01  2.4623184e+00
  4.4918017e+00 -1.0365787e+00 -5.6793933e+00 -3.2149663e+00
  6.5890260e+00  3.3348682e+00  1.2148143e-01  3.5078640e+00
 -1.3106889e+00  2.2916169e+00  2.9892063e+00 -3.1889147e-01
 -2.3514974e+00 -1.8708159e+00 -1.6264236e+00  2.8492585e-01
  9.3094534e-01 -2.6469043e-01 -3.2947153e-01  1.7188810e-01
 -4.6504730e-01 -2.8988035e+00 -7.6327896e-01 -2.8405201e+00
 -8.7005067e-01 -1.0881724e+00  1.5989223e+00  1.4385252e+00
  5.3834617e-01  2.2395315e+00 -6.7897403e-01  1.4095671e+00]",0
"[-1.5468526e+02  2.6855930e+01 -6.3089363e+01 -2.9566395e+01
 -2.5948124e+01 -2.1331191e+00  1.0497139e+01  1.2277488e+01
 -1.3036397e+01  9.0806570e+00 -1.4182893e+01  1.7600188e+00
 -5.0254407e+00 -1.8891762e+01 -8.4471178e+00  1.6524712e+00
 -2.4626374e+00 -7.2607365e+00 -5.8040347e+00 -1.7951744e+00
 -3.3506520e+00 -2.1363733e+00 -4.1749635e+00  2.4875841e+00
  6.6499691e+00  9.3026322e-01  8.8752432e+00  4.9798999e+00
  8.5823578e-01  5.2190776e+00  2.9146733e+00  4.0957794e+00
  3.0116475e+00 -8.0661692e-02  5.8609385e+00 -2.4219503e+00
  1.2944845e+00  7.4058861e-01 -6.2595481e-01  6.0726953e-01]",0
"[-2.7136566e+02  2.1185005e+01 -3.5747116e+01  9.4201431e+00
  1.5963298e+00  2.6786742e+00 -4.0028925e+00  9.0253884e-01
  9.4784412e+00  3.7711751e+00  4.4086981e+00 -5.7948136e-01
  8.5139933e+00  1.8022177e+01  1.7520088e+01  1.3963680e+01
  4.1304264e+00 -5.2051401e+00 -6.7897906e+00  8.9392501e-01
  4.8695650e+00  2.5367374e+00 -4.7180939e+00  6.8459857e-01
  4.5486073e+00  5.7235293e+00  6.0709147e+00  3.2372513e+00
  6.9219933e+00  3.2159069e+00 -1.8938462e+00 -1.3080491e-02
 -3.7336996e-01 -2.0058651e+00 -2.4163523e+00  1.7478052e+00
  4.2696867e+00  3.4939616e+00  3.1520517e+00  1.7134171e+00]",0
"[-252.72426      71.44847      -5.9294477    21.723656    -22.106752
    0.5056951    -3.6168208    -5.414408     14.701439     -7.5262537
   21.671522     -4.3619046     3.7244961     7.16462      11.251555
    4.7510324     6.149415      6.676813      6.4286695    13.448199
    5.5198827    11.097146     -6.539725      2.5470514    -0.7160871
   -1.8341632    -0.427293      1.7702452    -0.2938888     1.5393168
   -0.8070293     1.4314193    -3.4081056    -0.56862867    0.5759511
    3.482902      0.8770614     1.7197835     3.1414993    -2.322176  ]",0
"[-278.17535     112.52789       7.9221687    -3.2067506   -23.535812
  -12.511488    -22.985428    -23.511745      8.371799     -5.1811137
   13.143093      0.41741273    6.6949964     7.2778196    13.506703
   11.436974     15.033315     12.447112      7.112763      6.901736
   -2.6941054     5.8068247    -7.3397236    -1.134158     -8.529959
   -1.1096336    -4.5519567     0.825624     -3.0409513     1.7703761
    2.567662      7.0021        5.48931       1.8098445     0.6045072
   -1.1386042     1.532981     -1.552117      3.6917956    -1.5898615 ]",0
"[-193.44426      60.567123    -30.48428       9.536033    -19.560774
  -12.57801     -13.805282     -2.9585912     8.966033     -6.83503
   22.417627     -3.1820343    15.347374     21.15222       7.7266507
    1.663668      3.7406604     6.1426373    -1.2944614     5.4485054
   -3.1543903     2.9378366    -5.5464783     6.409984      2.126991
    0.6833567     3.5640643    -0.26998165   -2.6473417    -0.8206584
    0.8289769    -1.4794159    -5.9999933    -4.8316956    -0.6408618
    0.6269321     3.92699       2.3355424     1.5490516     1.5050179 ]",0
"[-187.93044     74.693054    -2.8098104   20.214039   -37.953957
   -1.1919943   -2.4035037  -19.988865     6.485879   -16.37566
   31.024431    -9.252898    18.917107    25.982698    19.215233
    9.086646     2.830781     3.1979094   -5.965566     8.509847
   -7.459641     1.0783097   -5.2909184    1.467751     4.4336386
   -1.9169073    5.0077696    3.3064303   -2.4525478    0.59234
    1.8017149    6.4791684   -2.76666     -1.3125514   -2.0446749
   -1.2469115    0.8587152    2.6661515    2.465193    -2.5885603]",0
"[-2.6083633e+02  8.6610985e+00 -6.2317699e+01  9.6212091e+00
  1.1480061e+01 -2.4013565e+00 -6.4844642e+00  4.8965912e+00
  2.0679972e+01  1.6783987e+00  7.6011939e+00  8.2277365e+00
  1.8280504e+01  1.0686245e+01  3.9976406e+00  3.3906446e+00
  1.0758378e+01 -2.3210573e+00 -4.8988223e+00 -5.9354957e-02
  7.8950038e+00  2.1503675e+00 -2.0504055e+00  1.4561163e+00
 -1.7461932e+00  1.0192430e+00  2.7481341e+00 -7.1249783e-02
  1.0590433e-01  4.0242853e+00 -2.8783433e+00  2.9639056e+00
  2.9350743e+00  2.9420145e+00  2.0857701e+00  1.6486157e+00
  2.3742771e+00  1.3393735e+00 -2.8483753e+00 -9.9882424e-01]",0
"[-3.0326666e+02  8.6217712e+01  8.2847315e-01  1.2715387e+01
 -2.3972412e+01 -1.0847397e+00 -4.2885404e+00 -6.1412668e+00
  1.7423834e+01 -3.4712739e+00  2.8773838e+01  3.8374038e+00
  1.0912952e+01  1.1494376e+01  3.9379818e+00  1.0874331e+00
  9.8172302e+00  1.2252156e+01  6.2109070e+00  7.6534534e+00
 -5.7421846e+00  9.2680044e-02 -4.0711231e+00  5.2964263e+00
 -1.1272638e+00 -1.8494439e+00 -2.5681093e-01  1.5966154e+00
 -3.0469241e+00  1.2665296e+00  1.0693954e+00  9.1727209e-01
  1.1839477e+00  2.6376100e+00  3.5967057e+00  1.0314984e+00
  5.1404870e-01 -1.0767463e+00 -1.3460983e+00 -1.8234420e+00]",0
"[-57.901302   -61.2208     -25.956642   -11.776247    32.11693
  -4.7588224   15.873113    41.94855    -13.314045     0.6442699
  12.328527    -2.3649237    8.099402    -8.443067     4.359533
  10.3138485   -5.2754297  -10.998901     7.752498    -1.9829314
  -0.53075385  -2.455017     5.315307    -1.6812135   -7.7597723
   0.7772881    0.97647905  -2.4005506   -0.6164323   -2.2487977
  -0.62697786  -3.2339633   -8.909709    -0.7382195   -0.37614405
   1.0870817   -5.695194     1.6572944   -3.5065231    5.0365534 ]",1
"[-7.2843605e+01 -5.2859520e+01 -1.0676852e+01 -1.4949905e+01
  3.0379147e+01 -9.3191099e+00  1.3467004e+01  3.6846024e+01
 -1.7499275e+01 -4.0353960e-01  1.2913601e+01  9.0405148e-01
  6.7337623e+00 -7.7938128e+00  9.1606550e+00  1.0927791e+01
 -7.9947295e+00 -7.4241734e+00  9.7859440e+00  1.1952227e-01
 -1.0029439e+00 -5.2231487e-02  4.7424040e+00  3.0982971e-02
 -7.4823003e+00  1.4633775e+00  2.1045358e-01 -1.4004607e+00
  1.1521525e+00  1.5113159e+00 -4.0654311e-01 -4.7879891e+00
 -6.3274126e+00  2.1521809e+00 -2.8706226e+00 -1.5825235e+00
 -9.7684604e-01  3.0182798e+00 -3.9755871e+00  3.1307166e+00]",1
"[-7.5833931e+01 -6.0556522e+01 -1.5400779e+01 -1.5277217e+01
  2.8547098e+01 -4.1340002e-01  1.7654686e+01  3.6080368e+01
 -1.8632792e+01  2.1622570e+00  1.5389805e+01 -8.2133585e-01
  6.1213679e+00 -9.9039335e+00  1.0621195e+01  8.6742725e+00
 -1.1300618e+01 -4.4116812e+00  1.4535703e+01 -2.5957182e-01
 -1.5869646e+00 -4.8539749e-01  1.3751874e+00  1.3968000e+00
 -4.6971970e+00 -3.3772047e+00 -2.4840643e+00 -4.9201292e-01
 -2.5804989e-02  2.1670334e+00 -5.3418002e+00 -2.5111043e+00
 -3.2432606e+00 -4.9774063e-01 -3.9318540e+00  1.0670820e+00
  1.9026092e+00  1.8704675e+00 -3.5800793e+00  1.3523017e+00]",1
"[-6.69264450e+01 -5.90930634e+01 -2.38137360e+01 -7.71513653e+00
  2.91517982e+01 -6.04645014e+00  1.19430313e+01  3.96306076e+01
 -1.29098396e+01  1.20195937e+00  1.22620735e+01 -3.03250980e+00
  9.42643070e+00 -8.37221527e+00  6.84547997e+00  9.33169079e+00
 -3.02221632e+00 -8.36776638e+00  5.68586922e+00  5.41883528e-01
 -7.77378500e-01 -9.77721453e-01  6.21178198e+00 -1.31542492e+00
 -7.68944931e+00  1.85852405e-02 -2.51337111e-01 -9.39449310e-01
  7.57941842e-01 -1.74516678e+00  5.28139591e-01 -2.22214603e+00
 -7.57516193e+00 -8.63878667e-01 -7.01361418e-01  8.27666819e-01
 -8.11275864e+00  3.32539797e+00 -2.55314970e+00  5.50741136e-01]",1
"[-75.84443    -56.500072   -13.47957    -14.18349     33.654583
  -9.093324    14.675004    37.96908    -15.866579    -0.691666
  11.825105    -0.20651874   6.671804    -8.051116     6.381387
  10.813807    -7.592673   -10.06496      6.3492236   -1.3725128
  -2.5879977   -1.7038994    3.6400363   -1.2936012   -7.9608164
   1.0115362   -0.39198127  -2.2078142    1.2600662    1.9023709
   0.11164803  -2.558412    -7.3227606    1.223778    -1.6590956
  -0.9969932   -2.8473532    4.694698    -4.0068746    1.2900655 ]",1
"[-7.9201180e+01 -6.2050701e+01 -1.6227436e+01 -1.5935261e+01
  2.9198683e+01 -9.3896948e-02  1.9819391e+01  3.8448864e+01
 -1.5717022e+01  5.2252316e+00  1.7719118e+01  6.0728878e-01
  7.7311893e+00 -9.1753006e+00  1.2926355e+01  8.4179516e+00
 -1.0813101e+01 -4.2846074e+00  1.3815861e+01 -6.9519365e-01
 -1.1581628e+00  2.3634747e-02  1.6282045e+00  2.0240877e+00
 -3.6329966e+00 -2.0752366e+00 -8.1695753e-01  4.5114073e-01
  1.1208924e+00  3.3976965e+00 -4.5906162e+00 -1.4874594e+00
 -3.2988253e+00 -1.7968390e+00 -4.4413686e+00  7.8742445e-01
  1.5818480e+00  1.5895312e+00 -4.4349384e+00  1.7571170e+00]",1
"[-5.9297531e+01 -4.8758156e+01 -1.5006308e+01 -3.6495626e+00
  3.1379316e+01 -4.2314315e+00  1.3951344e+01  4.1798153e+01
 -1.0564197e+01  3.9058821e+00  1.4340499e+01 -2.2126529e+00
  1.0664730e+01 -7.3732195e+00  6.1604385e+00  9.3899622e+00
 -2.1750846e+00 -7.4502225e+00  7.1625562e+00  2.1036408e+00
  2.5906999e-02 -1.5450544e-02  6.7365170e+00 -1.0247853e+00
 -7.9320874e+00 -7.0585388e-01 -5.5011332e-01 -1.1181566e+00
 -6.0610469e-02 -3.0189910e+00 -4.8382387e-02 -1.8210081e+00
 -7.4551320e+00 -8.6320102e-01 -5.6068087e-01  1.3138349e+00
 -7.9193110e+00  3.3317044e+00 -3.4956920e+00 -4.9510885e-02]",1
"[-7.8240952e+01 -6.1037037e+01 -2.0764004e+01 -1.4540688e+01
  3.3081894e+01 -7.0409679e+00  1.7425516e+01  4.1052227e+01
 -1.2606861e+01  1.1876295e+00  1.4635059e+01  6.2404048e-02
  7.1526442e+00 -7.9965401e+00  7.0540118e+00  1.1206227e+01
 -6.2888417e+00 -1.0014323e+01  7.9012847e+00 -1.3862290e+00
 -1.5915885e+00 -1.5824702e+00  5.0963907e+00 -1.1642160e+00
 -9.4147158e+00  1.2616445e+00 -1.9625202e-01 -2.4235442e+00
  9.6032274e-01  2.4447557e-01  4.1575027e-01 -3.0903087e+00
 -8.5504827e+00  7.8109455e-01 -1.9546576e+00 -7.0658618e-01
 -3.6456208e+00  3.2435904e+00 -3.9592314e+00  1.7294731e+00]",1
"[-7.7356819e+01 -6.4605598e+01 -1.6429255e+01 -1.5143425e+01
  2.7192095e+01  5.0522577e-02  2.1125629e+01  3.5458290e+01
 -1.7466043e+01  6.5445609e+00  1.5606702e+01 -1.3952248e+00
  8.1417646e+00 -1.2482351e+01  1.3741716e+01  5.4553967e+00
 -1.0321317e+01 -5.5222640e+00  1.2530639e+01 -2.0802630e-01
 -2.4689448e+00 -1.4962339e+00  2.6598604e+00  1.6242737e+00
 -4.5969100e+00 -2.6439509e+00 -1.4320707e+00 -6.4207387e-01
  1.4564781e+00  3.2892036e+00 -6.8374658e+00 -3.8331568e-01
 -4.1971111e+00 -2.5226221e+00 -3.7665851e+00  6.3861690e-02
  3.0257425e+00  1.4742198e+00 -4.6096668e+00  1.8320645e+00]",1
"[-6.8863724e+01 -5.9363003e+01 -2.4642859e+01 -1.0410883e+01
  3.0544878e+01 -4.5190668e+00  1.3612758e+01  4.3084236e+01
 -1.0184204e+01  2.6830988e+00  1.2572307e+01 -3.8331957e+00
  1.1411101e+01 -7.4968686e+00  6.1628842e+00  1.0034986e+01
 -2.5614080e+00 -9.8924723e+00  3.2557695e+00 -1.1141824e+00
 -7.9087150e-01 -1.1564924e+00  4.9676390e+00  1.4954154e-01
 -6.7730408e+00 -1.6682892e+00 -5.6032322e-02  1.7955877e+00
  1.6809683e-01 -4.1911988e+00  4.0971893e-01 -1.6955251e+00
 -8.8087568e+00  5.1911461e-01 -2.6974547e-01  1.8029531e+00
 -5.2918725e+00  3.8561537e+00 -4.2385540e+00  7.2853941e-01]",1
"[-6.74556503e+01 -5.64399605e+01 -2.39050426e+01 -1.01133833e+01
  3.37481651e+01 -5.35783339e+00  1.54214640e+01  4.13402328e+01
 -1.13488245e+01  2.75774026e+00  1.36201839e+01 -2.93103933e+00
  7.34187508e+00 -7.37517691e+00  5.68085098e+00  1.07052364e+01
 -4.10713625e+00 -9.84135532e+00  7.62791681e+00 -2.12817693e+00
 -4.52452481e-01 -3.12018776e+00  4.53144264e+00  5.89694440e-01
 -7.25040483e+00  2.99065053e-01  1.42575014e+00 -2.53357792e+00
 -4.06369060e-01 -1.96669292e+00 -4.03354783e-03 -3.81867123e+00
 -7.38548517e+00  1.87678301e+00 -1.15314841e+00  6.50963128e-01
 -4.98653841e+00  2.27605343e+00 -5.48801661e+00  3.64828944e+00]",1
"[-7.1003471e+01 -6.9307304e+01 -1.8130848e+01 -1.7869692e+01
  2.5069803e+01  1.0748481e+00  2.1104225e+01  3.5631981e+01
 -1.8462282e+01  8.1507015e+00  1.6116386e+01 -1.5009339e+00
  1.0149898e+01 -1.2654201e+01  1.3962665e+01  6.2591820e+00
 -9.9719419e+00 -7.0812354e+00  1.2508772e+01  1.0132632e+00
 -1.8819215e+00 -2.3460999e+00  1.8178362e+00  1.0223929e+00
 -4.1643209e+00 -3.2570453e+00 -5.2204078e-01 -4.6541297e-01
  8.1271088e-01  3.7634408e+00 -6.8994927e+00 -2.2427594e-02
 -4.0343990e+00 -3.1170518e+00 -3.5332720e+00 -8.0868840e-01
  2.9005804e+00  1.1662307e+00 -4.6187000e+00  1.4413997e+00]",1
"[-72.444466   -58.605003   -10.828068   -12.968359    29.423168
   0.56812483  18.509577    36.255245   -13.611999    11.247191
  12.962237    -9.937538     4.9943337  -12.107569    16.896341
   8.885804   -11.491811    -5.830633    11.338661    -3.059221
  -0.7066274   -2.618167    -2.0170825    3.193813    -4.347185
  -2.9900892   -1.3555268   -1.3161293    0.59092754   5.5768895
  -5.8355446   -1.447197    -4.01168     -1.0029397   -3.7388554
  -2.2737005    3.5089896    0.3918205   -5.759658     1.6322199 ]",1
"[ 11.112716   -29.899393   -41.93664      3.073398     0.18252458
 -12.182412    -3.043926    27.500662    -7.858032    -3.160322
   4.4474835   -3.4493916    4.167484     4.8073754  -14.83646
  10.304954    -3.5291047    4.205129   -13.094532    14.452346
  -5.13981     10.908541    -6.951017    -0.5399113    0.8785408
   4.245868    -9.670341     0.525763    -5.2453227    6.387608
  -7.087042     1.2921361   -6.622914    12.731663   -10.301006
   9.016682    -2.3591633    4.117115    -5.3026767    2.6107647 ]",1
"[-52.752026    15.9375     -32.42986      5.6737533    0.18285131
 -11.089306     1.8401399   25.262579    -4.917729    -4.104115
   5.7232237   -5.0703297    3.1744177    2.668012   -11.924449
   9.969369     0.7728625    1.5822802   -9.950876     9.435442
  -5.9675474    6.6001806   -5.7764454    1.0108207   -0.70728135
   2.2046106   -8.855509     1.4640142   -3.5470796    6.197112
  -8.858321     1.787422    -5.9741874    9.616925   -10.01479
   8.819476    -2.2344396    2.4032428   -5.70292      0.21771587]",1
"[ -7.3987837  -22.905045   -42.206173   -18.003546     4.1289773
  -8.571824    12.57197     38.2053     -12.348536     8.344371
   5.5538144    7.9944434  -13.490358    18.159334   -17.446537
   7.6314054    7.8223615   -1.5626665  -10.446868    17.155233
 -18.505602    15.039644    -9.782209    11.158923    -4.2559075
  -1.841674    -4.066855     0.63388085  -6.002758    -0.8588416
  -1.7276788   -3.1762865   -4.8823085    6.0266557   -6.623124
   1.9722191    1.9269388   -3.3267362   -2.2653575    2.4456923 ]",1
"[ 16.990564    -1.1149801  -31.864271   -25.729065   -10.606196
  -4.6435246   -5.8221483   31.666838   -24.223143    12.537258
   5.350996    -0.4762765   -6.951837     9.496305   -15.71982
  10.272002    -2.4729552    6.091925    -3.3056352    9.057917
  -5.3638296    7.339307    -5.306941    12.64628     -5.6408267
  -5.950143    -4.6897717    1.9756938   -7.419469     1.8448389
  -6.4195924    4.417798    -3.7860584    5.6795382   -5.485985
   3.0451324   -0.39957312  -1.7230937   -2.1320174   -0.98791236]",1
"[  0.603341    -5.137652   -43.21206    -13.421977    -0.91737986
 -12.696445     9.539552    25.02028     -9.556172     5.971491
   4.9397593    2.9938304   -4.002937    14.948896   -16.74164
   5.2478695    7.139707    -2.1704729  -10.871723    16.063593
 -12.120162    10.467626   -10.126736    10.0422735   -3.4672856
  -1.2463274   -7.9860544    1.8864908   -3.1979258    1.2056189
  -3.6020105   -4.9808106   -3.6756198    2.5050232   -5.5111604
   3.5986645   -0.41009498  -0.0911922   -2.805956     0.45397827]",1
"[ 12.444933    -1.7545811  -29.908203   -16.779861     0.55374515
 -15.29117      1.8345757   21.299376   -21.51027      6.4380913
   3.0365405    0.27736068  -6.830444    13.325417   -15.626328
   6.9688315    5.8122926   -0.8276949   -8.830146    11.141756
  -3.4351583    8.252007    -5.970394     9.177261    -5.081156
   2.428701   -10.083858     4.095239    -1.1937201    2.4643147
  -3.9898777   -0.34414703  -6.9972305    4.2449503   -5.7351913
   0.28531066   2.8671095    1.0392747   -4.0337377    1.5689511 ]",1
"[ 11.47194     -3.9644673  -45.5753     -21.6975     -11.706293
  -9.561919     1.5586327   32.054096   -16.561317    10.007381
   0.41507778  -0.99489427  -5.1837726   13.738854   -16.85002
   9.05313      3.3323047    1.1746945   -8.206916    15.659271
  -8.388611    11.246433    -7.967432     9.001388    -1.5225146
  -3.2802103   -8.579577     3.0343776   -2.9455435    4.080093
  -3.4340029   -1.532547    -2.297428     3.2080884   -5.722894
   2.050095    -0.05767617   0.7047458   -4.1441536    1.3731413 ]",1
"[-73.888115    22.062916   -29.193197   -12.61725     -2.2700343
  -3.7586172    9.294669    32.196663    -8.405067    12.668983
   4.0403166    6.777969   -10.113393    13.570858   -13.90929
   6.664114     3.2102365   -3.0203557   -4.711921     8.649791
  -4.3109245    9.908117    -9.813005     6.105621    -2.163313
  -2.0099964   -8.6592455    3.5929987   -3.7559843    4.1507063
  -6.485461     3.0700533   -4.721741     5.7883434   -5.0491548
   0.74935687   2.7303894   -0.28916883  -3.202025     0.36070088]",1
"[-12.09571      2.863724   -29.46369     11.136202     0.38929158
 -11.074769     3.650859    29.07038     -5.0662575   -6.145147
   4.399721    -1.7903814    2.53377      2.3751616  -12.798019
   8.238073     0.15798812   5.4906816  -11.124421    13.162912
  -5.8244886    9.086373    -8.234703     0.85790676  -3.7204423
   3.4262962  -12.467744     1.8941739   -5.07647      7.561604
  -9.506381     2.1345482   -8.876603    10.249065   -12.84848
   6.659334    -5.872583     3.2097538   -6.765926     1.1611092 ]",1
"[-61.39275    -61.343914   -24.217546    -9.139933    30.133324
  -2.9812224   14.8798      42.956966   -10.5396595    3.1734416
  13.3213005   -2.5871801   11.048226    -8.033708     5.599177
   9.724614    -1.8891115   -9.637731     5.6451607    1.2387494
  -0.53842574  -1.4296234    7.0368586   -0.5565884   -6.7000113
  -1.1376219   -0.33784902   0.33804572   0.594236    -2.9354029
   1.7976153   -0.5098197   -7.174277    -1.2523144   -0.2904111
   2.8633585   -6.991976     3.5547395   -2.2968996    1.0185941 ]",1
"[-21.106522  -18.557312  -44.37845     5.600234   -0.1651901  -7.776519
   4.31404    32.130363   -4.669442   -3.72986     7.1425047  -1.2338911
   2.2142293   5.4067893 -12.809706    9.145631    1.0876967   3.2406113
  -8.327348   13.533967   -5.867336    7.574524   -6.9326663   1.5800363
  -3.4094489   3.0433521 -11.121002    3.4646196  -4.831278    7.6508904
  -8.083697    3.8957677  -9.676514   12.959654  -11.016303    6.792271
  -4.44874     3.747409   -6.979784    4.026466 ]",1
"[-55.27155    -13.388746   -41.24169      7.0137725    3.4525337
  -7.1810956    7.684765    35.39425     -3.6155002    0.22892599
  11.660028    -0.333601     1.9498533    7.5698967  -11.09454
   9.368125     0.624354     1.9390254   -6.907008    13.772241
  -7.4639735    3.6477017   -5.9723253    2.448481    -3.5942209
   0.166941    -8.728842     2.6741116   -3.6586616    5.4057407
  -9.788169     2.7889018   -9.601122    10.429914   -12.206381
   4.500757    -4.0929246    3.6762686   -7.751531     2.2066922 ]",1
"[-2.5959594e+00 -2.8149027e+01 -4.1053318e+01  1.1032164e+01
  1.9967939e+00 -6.9683661e+00  2.9835391e+00  3.4484005e+01
 -4.4687104e+00  6.4344276e-03  1.0389557e+01  1.0882821e+00
  3.8466532e+00  5.9653387e+00 -1.4256798e+01  1.2465296e+01
 -1.7078464e+00  6.8595939e+00 -9.5207891e+00  1.7747274e+01
 -6.0806518e+00  7.4739375e+00 -7.2863092e+00  9.0647352e-01
 -1.7475556e+00  3.5422442e+00 -1.1594657e+01  2.3007009e+00
 -6.3050299e+00  7.7478309e+00 -8.8564291e+00  2.6381881e+00
 -9.5448179e+00  1.1617609e+01 -1.4456576e+01  8.3847818e+00
 -4.9687939e+00  4.9500041e+00 -7.4970012e+00  1.7163217e+00]",1
"[-1.1840852e+01  2.8316381e+00 -3.0160332e+01 -1.7554312e+01
 -5.6177735e+00 -1.6427219e+01  2.8539240e+00  2.7550142e+01
 -1.5954861e+01  7.1805758e+00  6.7573724e+00  4.4572988e+00
 -1.1109981e+01  1.1073473e+01 -1.5745048e+01  4.6545062e+00
  5.0397892e+00  1.5068933e+00 -9.3018274e+00  1.5359444e+01
 -3.4323618e+00  4.8851719e+00 -9.2619267e+00  1.0270677e+01
 -5.2752161e+00  2.8373923e+00 -1.0719644e+01  2.7438653e+00
 -9.8451316e-01  2.8101859e+00 -6.5903826e+00  2.4382687e-01
 -5.5224586e+00  7.0398130e+00 -4.0297108e+00 -6.5995669e-03
  2.3271742e+00  1.5450835e+00 -4.9797969e+00 -2.3729165e-01]",1
"[  6.5269966    0.30380306 -34.988132   -19.13944    -12.275759
  -9.887875    -4.474048    38.280254   -17.664228    10.904686
   4.183395     1.1749343   -6.440995    12.754222   -14.7014885
   8.944155     3.10928      3.4781516   -7.678686    16.913916
  -6.573053     7.9313087   -7.044428     8.125721    -0.3092522
  -0.6233025   -6.813009     1.6699728   -2.4024036    4.9694524
  -6.0284643   -0.93062323  -3.604479     5.4726014   -1.6164147
  -0.5215181    2.2819617    1.4245088   -5.072879     0.9655914 ]",1
"[  4.7036805   -9.089123   -33.60233    -20.967335    -7.15955
  -8.200741    -3.2454703   33.301346   -16.472069    11.36734
   5.0431232    1.699174    -4.787933    10.163197   -17.654593
  11.237662     2.0315924    3.1198485   -9.13009     13.806431
  -7.57795     10.073647    -9.45052      8.858875    -1.4596403
  -1.9098921   -6.083253     1.24554     -4.8534575    4.815926
  -6.493479     0.07955939  -4.4867363    7.798626    -4.506052
  -0.3750815    1.8757067    1.0397099   -1.9838542   -0.9837348 ]",1
"[ -0.35204175 -16.215466   -49.014786   -19.09733      1.6471318
  -8.928749     5.644938    28.58123     -7.1793833   13.860366
   4.9046173    2.6303895   -6.0340815   17.695051   -17.944359
   8.21655      7.7706537   -0.89101195 -10.212713    17.419277
 -13.780658    13.139579   -10.092011    11.3120985   -2.3275707
  -1.9119201   -6.093717     3.1141741   -3.3029673    1.3898149
  -1.1770742   -2.1439097   -3.603083     4.6086526   -3.2345095
   4.0974274   -0.83117473   0.7570914   -1.8131437    0.6090502 ]",1
"[ -6.663442     2.212392   -34.67272    -21.084558    -3.4058049
 -13.545821     1.8192213   18.160957   -15.977496    13.008184
   2.5304852   -2.866697    -7.715211    15.254777   -18.256111
   5.7040462    7.2447276    0.09620497 -10.81996     10.072664
  -4.020121    10.463696    -7.098908     8.573151    -5.06756
   1.7568251   -7.95838      1.2187345   -3.5251286    3.5652726
  -4.8587193    2.420126    -6.894565     7.745043    -5.783749
   2.946609     0.66131365   0.23535636  -2.13626      0.30793613]",1
"[ 9.26645279e+00 -5.04194403e+00 -3.14399681e+01 -1.44386072e+01
 -7.38539886e+00 -7.74811649e+00 -2.90868545e+00  3.53292274e+01
 -1.47393637e+01  1.23309088e+01  3.13092303e+00  1.01160502e+00
 -3.81559062e+00  9.65744019e+00 -1.68705120e+01  1.10270386e+01
  2.96190214e+00  4.01872635e+00 -9.09430885e+00  1.32372055e+01
 -7.08926678e+00  9.40595436e+00 -6.65928650e+00  6.67430067e+00
  7.55078020e-03 -8.90134096e-01 -5.83370304e+00  8.71213853e-01
 -2.63022137e+00  6.02010441e+00 -6.35762787e+00  3.95940274e-01
 -4.45541763e+00  6.15271521e+00 -5.32374001e+00  1.86105692e+00
  1.10789500e-01  1.46930921e+00 -2.51899648e+00 -9.52240676e-02]",1
"[-56.1906      -4.031369   -43.310005     4.266961     8.556786
  -4.1758747    9.229481    29.869339     2.813434     4.7827353
   7.284842    -1.6335793    0.9613736    7.6440644  -10.32649
   9.272345     0.21024351   3.3196614  -10.451904     8.805316
  -4.959553     9.137178    -6.4076104    1.4838219    0.38857475
   2.755423    -7.2154856    1.9040039   -2.5165446    6.989954
  -5.7626104    4.808378    -5.9298553   10.2682085   -9.217261
   5.8327694   -1.7308084    3.749496    -5.2518525    2.324643  ]",1
"[-5.9679062e+01 -5.7489479e+01 -1.9494015e+01 -5.6614270e+00
  3.1993761e+01 -2.4059918e+00  1.5604808e+01  4.3016865e+01
 -1.0048828e+01  4.0684233e+00  1.3560602e+01 -2.7778699e+00
  1.1022524e+01 -8.4698915e+00  4.7723298e+00  8.9499197e+00
 -2.3729565e+00 -9.9773426e+00  4.2754979e+00  1.2299255e+00
 -4.6545836e-01 -1.5209037e+00  6.7502890e+00 -1.8434118e-02
 -5.9906120e+00 -5.9528762e-01 -3.4042712e-02  9.6795303e-01
  8.9550525e-01 -2.6760046e+00  1.9678171e+00 -1.0049053e-01
 -6.9886203e+00 -1.0244937e+00 -2.1464711e-01  2.7819407e+00
 -7.0905514e+00  3.5240610e+00 -1.9213614e+00  1.2174292e+00]",1
"[-30.623552    -2.108237   -29.329927   -16.46468     -3.0955753
 -11.062081     2.8167865   29.404825   -14.222809    11.576124
   4.306484     5.555285   -10.106434     7.242506   -14.668837
  10.864274     3.0180795    0.39280644  -5.86312     10.561183
  -7.107153     9.950843    -7.7357445    6.532714    -2.4405472
  -0.422972    -5.9121547    2.5798407   -2.810684     7.2182946
  -5.899413     1.7190055   -4.9743733    5.0374513   -4.911727
  -1.0069104    2.3386734    0.29528025  -1.6991577    0.9257584 ]",1
"[-6.5177597e+01 -5.2909039e+01 -1.7002211e+01 -8.8654327e+00
  3.5749077e+01 -5.8872705e+00  1.6007767e+01  4.1371735e+01
 -1.2957696e+01 -4.0519116e-03  1.2795465e+01 -1.1591545e+00
  8.4397612e+00 -8.1402931e+00  5.5321307e+00  1.1148699e+01
 -4.9382095e+00 -1.0815281e+01  6.9648414e+00 -1.4944300e-01
  4.4042152e-01 -1.7550056e+00  4.7957082e+00 -1.2333567e+00
 -7.8073149e+00  8.6217678e-01  3.4260067e-01 -1.8065678e+00
  9.8562831e-01 -7.9994506e-01  2.1967021e-01 -2.6966081e+00
 -7.6732306e+00  4.8521945e-01 -1.8135185e+00  2.3944837e-01
 -4.3823009e+00  2.7061503e+00 -3.8517172e+00  2.7897263e+00]",1
"[-62.21604    -45.98682     -2.3323526   -4.839945    35.406616
   4.666667    22.267424    38.367516   -16.839466     4.713793
  15.36213     -1.6488618    7.478631   -11.93754     12.016472
   5.484117   -11.132712    -6.368363    11.607537    -1.2654706
  -2.5634508   -1.5473275    0.22844742   1.5847472   -3.9341183
  -2.6872911   -0.40159032   1.1701293    1.4721195    4.1090736
  -5.0861063   -0.18284419  -2.584596    -1.652124    -3.7336204
   1.1015394    2.0001235    1.3319585   -4.5031886    1.4273616 ]",1
"[-60.96685    -52.905228   -16.728395    -2.671242    34.27399
  -0.8587125   15.707124    43.12521    -10.485754     3.2676272
  12.971642    -3.3312898    9.468337    -9.522594     4.8685565
   8.914618    -3.8857882  -10.734124     4.6188955    1.4890151
  -0.20293675  -0.789461     6.901214     0.9378981   -5.9318213
   0.9108874    1.7183279    1.557479     1.9004385   -1.5801641
   1.443558     0.19808537  -5.8199835   -0.39285758   0.22669461
   2.915932    -7.1339746    3.2891252   -1.7694651    1.0200866 ]",1
"[-7.06605530e+01 -5.62641640e+01 -1.07061768e+01 -1.05505905e+01
  3.17612305e+01 -2.35782340e-01  2.11715240e+01  3.61276588e+01
 -1.63111935e+01  5.21325684e+00  1.47098827e+01 -2.12287951e+00
  7.00608206e+00 -1.20352058e+01  1.14053812e+01  6.92645359e+00
 -8.89805222e+00 -7.26492643e+00  1.13732443e+01  5.50941825e-01
 -2.04987907e+00 -1.34775794e+00  3.77398229e+00  1.37279761e+00
 -5.09876060e+00 -7.02463627e-01  5.53829148e-02 -5.15064776e-01
  1.35048926e+00  3.51010132e+00 -3.66003847e+00 -4.92972553e-01
 -4.88145542e+00 -1.43896353e+00 -2.49188638e+00  4.56877857e-01
  1.74042976e+00  3.12408400e+00 -3.39814973e+00  2.09757638e+00]",1
"[-65.167      -57.664707   -22.218718    -7.9143777   29.735806
  -5.0262485   13.950779    39.908054   -12.446112     1.3303744
  13.477008    -3.2730544    9.452609    -8.157795     5.756916
   8.315605    -2.633085    -8.979585     6.472614     0.16058314
  -1.1730639   -0.60026324   7.7218494   -0.7722589   -6.9235406
   0.58683395   0.11860254  -0.6031495    1.4516596   -1.6240653
   1.7690928   -1.1486971   -7.51179      0.16841644  -0.46902713
   2.3463717   -6.766982     3.4080963   -3.4061124    0.7191105 ]",1
"[-3.0711014e+02  8.5492584e+01  2.3816113e+01  2.2597803e+01
  1.0887501e+01  7.1012812e+00  4.4704776e+00  3.8189731e+00
  1.0800064e+00 -3.3964009e+00 -2.4306009e+00 -3.2792194e+00
 -1.3967470e+00 -9.4307256e-01 -2.6668992e+00 -2.2038500e+00
 -1.9260720e+00 -2.4766526e+00 -2.5603201e+00 -2.3601735e+00
 -5.8588094e-01 -7.4237448e-01 -9.5700771e-01 -1.5431306e+00
  5.2392954e-01  4.8072645e-03  3.4345734e-01  4.7583786e-01
 -3.6442411e-01  9.9471465e-02  9.1692396e-02 -9.9794883e-01
 -1.5610436e+00  5.8606333e-01  3.7667045e-01 -3.0354980e-01
 -1.0891536e-01 -9.2488152e-01 -8.8253126e-02 -9.3134391e-01]",2
"[-3.4811856e+02  7.9261215e+01  3.4348324e+01  2.4883997e+01
  1.1850720e+01  4.9451938e+00  2.2227979e+00  6.2768884e+00
  3.9091830e+00 -1.4438380e+00  1.3321276e+00 -5.1227272e-01
 -2.7028713e+00 -2.6219657e-01 -5.1799053e-01  1.2223951e-02
 -5.8083004e-01 -7.9141515e-01 -8.1681788e-01 -1.8150157e+00
 -2.7050298e-01 -5.9657669e-01 -1.2074304e+00 -1.3046317e+00
  3.1093776e-01 -1.5089163e+00 -4.9141291e-01  2.5340354e-01
 -6.0494226e-01  6.9219929e-01  3.5212156e-01 -9.7505176e-01
 -1.0901309e+00 -5.4259998e-01 -4.8547032e-01 -5.5683136e-01
 -1.1473021e-01 -1.4732350e-01  3.8598633e-01 -1.7197879e-01]",2
"[-3.5587122e+02  7.5457092e+01  3.5036480e+01  2.4717583e+01
  1.3267997e+01  7.8626213e+00  2.4464886e+00  4.6431885e+00
  3.2345617e+00 -1.8136687e+00  5.1858373e-02  1.4134230e-02
 -3.1406600e+00 -3.2771668e+00 -3.3024969e+00 -8.1763065e-01
 -9.6840137e-01 -6.4372993e-01  3.1996691e-01  2.4424588e-02
  5.3786552e-01 -3.1567299e-01 -8.6668479e-01 -1.2269362e+00
  1.2289063e-01 -1.3603677e+00 -1.4331663e+00 -3.5543388e-01
 -4.0891623e-01 -4.2993608e-01 -3.2072237e-01 -1.1345625e+00
 -1.5918046e+00 -4.2265525e-01 -4.4078460e-01 -4.2272187e-03
  7.5867075e-01  6.5917844e-01  1.5844291e+00 -3.1313393e-01]",2
"[-3.4838824e+02  7.6807312e+01  3.8453335e+01  2.6046558e+01
  1.1258271e+01  8.3716745e+00  2.5070322e+00  4.5894971e+00
  5.6220670e+00  1.1827698e+00 -6.8453169e-01 -3.7093607e-01
 -2.4515555e+00 -2.3861940e+00 -3.8258648e+00 -9.9991530e-01
 -1.6007230e+00 -2.0679011e+00 -1.6120797e+00 -1.5631739e+00
 -1.2285116e+00 -9.7267860e-01 -1.3402883e+00 -2.2507801e+00
 -6.7128563e-01 -1.8427323e+00 -9.6485548e-02  3.1241328e-01
 -8.3775848e-01  2.1566847e-01  6.0981739e-01 -5.3735381e-01
 -6.5463632e-01  1.2276332e-02  5.1987052e-01  5.3833115e-01
  2.8077808e-01 -6.5938681e-01  1.2415229e+00  2.0280764e-01]",2
"[-3.5792932e+02  7.3437096e+01  3.4341724e+01  2.2841667e+01
  1.0484010e+01  6.7599201e+00  2.1323137e+00  4.1774273e+00
  4.4177213e+00  1.8133034e-01 -3.6676475e-01 -2.3204639e+00
 -3.3683865e+00 -2.4178247e+00 -3.4904163e+00 -1.1268325e+00
 -1.2924759e+00 -2.2431264e+00 -2.5462449e+00 -2.2145066e+00
  3.4865908e-02  1.5272741e-01 -2.2919750e-01 -1.1116611e+00
 -5.8015639e-01 -2.0213342e+00 -9.4950050e-02 -4.2178532e-01
 -8.8765770e-01  1.5216827e-01  6.2232894e-01 -1.2927267e-01
 -1.1376674e+00 -8.3231550e-01 -4.2787114e-01  1.8896745e-01
  3.1469086e-01 -3.7687612e-01  4.9817538e-01  3.4849238e-01]",2
"[-3.4960233e+02  7.6114395e+01  2.7500191e+01  2.2704155e+01
  1.4478188e+01  1.0114852e+01  3.6520147e+00  6.6150274e+00
  6.5725527e+00  2.2697519e-01  2.6914713e-01 -1.0765213e+00
 -1.6948502e+00 -2.6629505e+00 -3.6344755e+00 -1.1556125e+00
 -3.7998453e-01 -2.1948237e+00 -2.3990314e+00 -1.7101207e+00
  4.9151042e-01  3.2160637e-01 -8.7437087e-01 -1.3605367e+00
  2.4826647e-01 -1.5968655e+00  3.8493842e-02  7.1239412e-02
 -1.8497664e-01  4.0101193e-02 -1.3169646e-01  3.8661838e-01
 -1.5234797e-01 -4.7830868e-01 -1.3553337e+00 -2.6615062e-01
  8.2653779e-01 -3.3831427e-01  1.7043316e-01 -6.0390776e-01]",2
"[-3.63304108e+02  7.29970779e+01  3.39438400e+01  2.29726238e+01
  1.08295374e+01  8.93430042e+00  3.87239575e+00  4.29101658e+00
  4.17748165e+00 -1.24195123e+00 -6.39578164e-01 -1.69440937e+00
 -2.51656651e+00 -1.62458181e+00 -2.66386604e+00 -1.08881438e+00
 -3.37719917e-01 -9.64479387e-01 -1.38350534e+00 -1.65306199e+00
 -1.12009549e+00 -7.24891365e-01 -8.69910896e-01 -1.31635118e+00
 -7.40643084e-01 -2.43088794e+00 -7.29033232e-01 -4.64796484e-01
 -1.36864305e+00 -9.39085901e-01 -5.30103028e-01  1.99918941e-01
 -2.66742498e-01 -5.61254740e-01 -1.33696353e+00 -2.69870549e-01
 -2.14626148e-01 -1.82404608e-01  1.10841799e+00 -1.09699525e-01]",2
"[-3.1229160e+02  8.9689888e+01  3.7753925e+00  1.3717653e+01
  1.3432165e+01  4.3399220e+00  9.1972055e+00  4.8700495e+00
  2.4669287e-01  4.2952952e+00  5.4245415e+00  2.3065321e+00
  2.1837816e+00  1.2115171e+00  1.4599040e+00 -1.2064051e-01
 -1.7823175e+00 -1.8008233e+00 -1.8253843e+00 -2.7280669e+00
 -5.9252328e-01 -1.2533269e+00 -1.7408122e+00 -1.6952745e+00
 -2.3843389e+00 -2.1778860e+00 -5.0096184e-01 -1.9536844e+00
 -2.9176054e+00 -1.3719451e+00 -2.9476271e+00 -3.0433578e+00
  3.0824723e-02 -8.1370234e-01 -2.7838399e+00 -1.8174528e+00
 -9.6099925e-01 -1.2226857e+00 -1.7940298e+00 -1.3813268e+00]",2
"[-3.4866068e+02  8.8585251e+01  1.8751942e+01  1.3944903e+01
  1.0849933e+01  2.5975232e+00  5.8949075e+00  5.5058112e+00
  1.4215581e+00  1.0085100e+00  3.4322109e+00  3.7700334e+00
  1.5734115e+00  6.7525482e-01 -1.6259562e+00 -3.0157990e+00
 -3.3240335e+00 -2.7860141e+00 -2.1819303e+00 -1.9860792e+00
 -5.8075297e-01 -6.9846648e-01 -1.2584908e+00 -2.8299730e+00
 -2.5432112e+00 -1.9750766e+00 -1.1313797e+00 -1.9766852e+00
 -2.5618582e+00 -8.4797031e-01 -2.5545115e+00 -3.1319575e+00
  1.4015819e-01  2.4142408e-01 -2.6881182e+00 -3.2369497e+00
 -1.9522676e+00 -1.3647484e+00 -1.0957793e+00 -1.7740785e+00]",2
"[-3.4880801e+02  8.9007187e+01  2.1538818e+01  1.1307330e+01
  1.1338449e+01  4.6201253e+00  5.8980408e+00  5.8075008e+00
  4.8290360e-01 -2.1593517e-01  1.9870843e+00 -3.2462218e-01
 -1.2885596e+00 -1.3626531e+00 -3.4171033e+00 -1.9268484e+00
 -1.0168747e-01 -5.6632513e-01 -1.2517351e+00 -2.5253525e+00
 -1.8424604e+00 -2.0347896e+00 -7.1562535e-01 -1.3396119e+00
 -1.2197095e+00 -2.0308924e+00 -1.7271417e+00 -1.7035340e+00
 -2.2450268e+00 -2.7927277e+00 -3.7035830e+00 -2.7749045e+00
 -1.6910025e+00 -1.5554739e+00 -1.1784348e+00 -2.2603045e+00
 -2.4168775e+00 -9.9652410e-01 -2.3751161e-01 -1.2959224e+00]",2
"[-3.4156033e+02  9.3871429e+01  2.3345320e+01  1.5897227e+01
  1.5467930e+01  7.0399661e+00  3.9149415e+00  2.1944325e+00
  5.6330127e-01  7.1242100e-01  1.5482467e+00  1.5178376e+00
  2.1352105e+00 -4.8436642e-01 -2.2337255e+00 -5.2846718e-01
 -1.7005299e+00 -3.0557976e+00 -2.2638092e+00 -1.4860696e+00
 -1.1335187e+00 -2.8981237e+00 -1.1185055e+00 -2.5497797e+00
 -3.7497797e+00 -2.2613490e+00 -1.2836615e+00 -2.2151000e+00
 -2.0167220e+00 -2.9879112e+00 -3.0227268e+00 -1.9304262e+00
 -1.1824261e+00 -1.1374552e+00 -1.6348242e+00 -1.8170229e+00
 -1.3817620e+00 -9.0746063e-01 -2.8482845e-01 -5.2552056e-01]",2
"[-3.5420480e+02  7.6265388e+01  3.1341587e+01  2.1112558e+01
  9.8326178e+00  2.0995388e+00  7.2825038e-01  3.8798189e+00
  5.9633607e-01 -4.2614250e+00 -6.0492653e-01 -1.3533260e+00
 -4.4200835e+00 -1.5290114e+00 -2.5539958e+00 -1.1169311e+00
 -1.5647107e+00 -2.3208873e+00 -3.1454422e+00 -2.7523999e+00
 -2.2728082e-02 -8.8885891e-01 -1.4790457e+00 -1.5088105e+00
 -1.1144692e+00 -2.8364534e+00 -1.3431191e+00 -8.1854111e-01
 -1.5425879e+00 -8.8781738e-01 -7.2389674e-01 -6.7820305e-01
 -4.4872728e-01 -2.5996266e-02 -7.2375220e-01 -1.8959656e-01
  4.6241173e-01 -3.4318164e-01 -8.9743382e-01 -1.3836534e+00]",2
"[-2.6296060e+02  1.3622952e+02  7.9182682e+00  2.7941563e+00
  1.4705793e+00  2.1064725e+00  3.4843695e-01  7.8066534e-01
 -8.1265807e-01 -8.5700877e-02 -1.6815335e-01 -1.9226023e+00
  3.1158441e-01 -2.0656412e+00 -4.0664206e+00 -3.3646054e+00
 -3.2110889e+00 -2.5688267e+00 -8.6896884e-01  3.9323819e-01
 -2.9595464e-01 -2.7927442e+00 -3.0541065e+00 -2.1522198e+00
 -7.8992265e-01  7.4607972e-03 -5.5741030e-01 -1.0301200e+00
 -7.2355992e-01  1.3426815e-01  6.5483677e-01 -9.9611938e-02
  3.8113314e-01  3.4030005e-01 -1.4652245e-01 -1.7272767e-01
 -5.0320154e-01 -2.6653802e-01 -2.4601328e-01 -3.4173322e-01]",2
"[-2.6383395e+02  1.3494397e+02  8.0863962e+00  2.7717948e+00
  1.5912240e+00  2.1048322e+00  9.4942236e-01  1.3770735e+00
  1.8046513e-01  5.3505367e-01 -1.8623380e-01 -9.9932510e-01
  2.1803319e+00 -9.0115315e-01 -2.4605215e+00 -2.7707314e+00
 -2.8320785e+00 -2.0220087e+00 -6.3535285e-01  7.7775401e-01
  3.1938687e-01 -1.3089046e+00 -2.0216935e+00 -1.9402148e+00
 -1.3807050e+00  1.4378587e-02 -5.6814218e-01 -7.0235085e-01
 -7.1122432e-01  5.3962499e-01  8.9511865e-01  1.9689628e-01
  1.9039367e-01  7.9956478e-01 -9.3876645e-03  8.1025705e-02
 -3.1790143e-01  3.1044805e-02  6.4492971e-01  8.3363092e-01]",2
"[-2.53922821e+02  1.22763214e+02  1.18064461e+01  7.07340091e-02
  8.42025340e-01  2.69918776e+00 -1.30445015e+00  7.61514008e-01
  3.33176255e-01 -1.50446999e+00  1.29448211e+00 -2.52713227e+00
  2.07559776e+00 -1.50157499e+00 -2.34808445e+00 -3.53467131e+00
 -3.25033355e+00 -2.37122703e+00 -1.06074309e+00  1.99022889e-01
 -4.51503426e-01 -1.83724606e+00 -2.49669552e+00 -1.76851487e+00
 -1.32320118e+00 -8.03002536e-01 -4.60551769e-01 -1.43773890e+00
 -5.41533351e-01 -8.69058669e-01  4.44194943e-01 -2.52942324e-01
  4.10200149e-01  1.22498727e+00 -4.92506802e-01  2.87403822e-01
 -1.49211153e-01  1.41760647e-01  1.21599726e-01  4.89178628e-01]",2
"[-2.8002350e+02  1.3151955e+02  1.0501835e+01 -8.4632450e-01
  1.7708377e+00  1.2606059e+00  7.1714556e-01  1.4858656e+00
 -1.0254576e+00 -1.2296675e+00 -1.2159534e+00 -1.3370633e+00
  1.2183118e+00 -1.4724569e+00 -3.8437986e+00 -3.7275145e+00
 -3.4949000e+00 -3.1419618e+00 -1.6091970e+00 -5.4860854e-01
 -3.9126709e-01 -2.0735502e+00 -1.8238524e+00 -1.4135536e+00
 -1.1574464e+00 -6.0990679e-01 -4.9327892e-01 -7.4670309e-01
 -1.3938867e+00 -6.4066863e-01 -2.8405756e-01 -2.3555376e-01
  3.5473850e-01  1.0925584e-01 -1.4526345e-01  3.8034454e-01
 -1.7303343e-01 -7.4150008e-01 -5.7751322e-01  2.2490323e-01]",2
"[-3.4689401e+02  9.0435112e+01  1.8485069e+01  1.2180099e+01
  1.6447947e+01  8.3221111e+00  5.4498601e+00  4.2779994e+00
  1.8772911e+00  2.5615041e+00  3.8816178e+00  1.8666834e+00
  2.4220526e-01  3.0441418e-01 -2.8408048e-01  9.0287644e-01
 -1.1882741e+00 -3.0262752e+00 -2.6173458e+00 -3.9012332e+00
 -3.2179952e+00 -2.7563143e+00 -1.4432503e+00 -2.3396301e+00
 -1.9718947e+00 -6.4002454e-01 -7.0140874e-01 -2.1590343e+00
 -2.8449750e+00 -2.7800434e+00 -3.8425353e+00 -3.7975006e+00
 -2.8340962e+00 -2.1392856e+00 -2.3191137e+00 -2.7732058e+00
 -1.7795608e+00 -5.1240873e-01 -2.8276178e-01 -1.1567671e+00]",2
"[-3.05119415e+02  1.03191864e+02  1.41751022e+01  1.26393499e+01
  1.59634562e+01  8.43933487e+00  1.13706267e+00 -3.37073040e+00
  1.24644387e+00  3.01614976e+00  1.98041841e-01  1.47879255e+00
  9.33735609e-01 -2.56920004e+00 -1.35140538e+00 -1.80377185e+00
 -3.21639872e+00 -2.34520936e+00 -1.66251540e+00 -1.79408789e+00
 -2.48905730e+00 -3.22863626e+00 -3.89031076e+00 -3.91386199e+00
 -2.09717441e+00 -2.61848116e+00 -1.86451471e+00 -2.93877554e+00
 -4.15231657e+00 -4.64589739e+00 -5.58834887e+00 -5.73792028e+00
 -4.82035780e+00 -4.08621073e+00 -2.49602818e+00 -1.30293548e+00
 -8.21658254e-01 -3.66704725e-02 -1.19596159e+00 -1.04651022e+00]",2
"[-3.0944147e+02  9.7056152e+01  1.5513236e+01  1.5121932e+01
  1.3087220e+01  7.5218201e+00  4.9054499e+00  3.3350017e+00
  3.6968539e+00  1.6901067e+00  2.7757635e+00  2.7895877e+00
  2.2889769e+00  1.3754677e+00  1.4523391e+00 -3.1759059e-01
 -8.1373818e-02 -1.2402643e+00 -2.1734874e+00 -2.0543041e+00
  5.8718967e-01 -1.9420606e+00 -2.1187761e+00 -2.2627931e+00
 -1.6771884e+00 -1.1222796e+00 -2.0625162e+00 -3.0418911e+00
 -2.6274402e+00 -2.8907797e+00 -3.0068738e+00 -2.5931916e+00
 -1.3671685e+00 -2.1914856e-01 -1.9991345e+00 -2.0814292e+00
 -2.2339617e-01 -1.1936104e+00 -2.2499454e+00 -2.2847288e+00]",2
"[-321.52502     104.35177      18.144503     10.702838     11.004058
    5.342309      1.2623811    -2.0129132    -0.79875636    3.15282
    3.3205245     2.1169293     0.84220093   -0.9228082    -1.8741294
   -0.7436234    -1.8719119    -4.0748906    -2.9508905    -2.9382787
   -3.3295426    -3.5496678    -3.9087245    -3.0289428    -1.7081556
   -2.9825985    -2.3277636    -2.156188     -1.9784888    -2.3036973
   -2.9886882    -1.6182334    -0.64468104   -2.2497911    -3.8054826
   -3.5826187    -3.1857939    -2.5773604    -1.9378909    -1.2181083 ]",2
"[-3.4547168e+02  9.5729279e+01  2.5893263e+01  1.0902615e+01
  1.3297759e+01  7.9616938e+00  1.5534874e+00 -5.4174775e-01
  1.1634574e-01 -2.5228474e-01  1.7178214e+00  2.2390618e+00
  4.9213621e-01 -6.6624558e-01 -1.8956172e+00 -8.5557759e-01
 -1.2776042e+00 -2.8702590e+00 -3.4734242e+00 -4.3056703e+00
 -3.7906640e+00 -3.5870333e+00 -2.2943199e+00 -1.7893019e+00
 -1.2933755e+00 -1.1054376e+00 -1.2366271e+00 -1.4465897e+00
 -2.7334108e+00 -2.8413496e+00 -2.9870584e+00 -2.0137002e+00
 -4.0264526e-01 -1.1443933e+00 -2.3599186e+00 -1.6837510e+00
 -1.0796330e+00 -6.4504665e-01 -9.0492183e-01 -1.8247960e+00]",2
"[-3.5278430e+02  7.7983574e+01  3.3497734e+01  2.3794308e+01
  1.0571289e+01  7.3335546e-01 -2.8777196e+00  1.6848770e+00
  7.1406358e-01 -2.9408054e+00 -1.3842926e+00 -2.2890337e+00
 -4.4058161e+00 -1.5132457e+00 -1.5843444e+00  2.1225172e-01
 -4.5427403e-01 -9.8565412e-01 -1.5712148e+00 -1.8630332e+00
 -3.7593865e-01 -1.1854556e+00 -1.9523925e+00 -2.3515594e+00
 -1.4320340e+00 -3.2220612e+00 -1.4818101e+00  2.5270724e-01
 -5.5794233e-01 -1.8992423e-01  8.2250863e-02 -2.3614039e-01
  5.9668012e-02  9.1695982e-01  7.3910832e-01 -9.9274321e-03
  4.3608743e-01 -2.7749562e-01  4.9210408e-01 -5.7114905e-01]",2
"[-3.4097272e+02  9.4667976e+01  2.3032227e+01  1.5293458e+01
  1.5320291e+01  6.5974922e+00  3.8389196e+00  2.4859006e+00
  1.0558199e+00  1.1455240e+00  1.7083455e+00  1.4103487e+00
  1.8748614e+00 -4.2391661e-01 -1.9840698e+00 -1.5201476e-01
 -1.5599183e+00 -3.0560200e+00 -2.2982285e+00 -1.6950122e+00
 -1.2238246e+00 -2.7454093e+00 -1.0899667e+00 -2.4679854e+00
 -3.9127350e+00 -2.4873872e+00 -1.3877059e+00 -2.1616449e+00
 -1.9149232e+00 -2.7911737e+00 -2.8641794e+00 -1.6873692e+00
 -1.1008307e+00 -1.2610773e+00 -1.9888986e+00 -2.2463641e+00
 -1.4864618e+00 -8.4631658e-01 -1.9166265e-01 -3.7818483e-01]",2
"[-2.91865479e+02  1.16945885e+02  1.93067284e+01  5.00921297e+00
  7.36563015e+00  6.72707319e+00 -9.40949023e-02  2.59599710e+00
  3.69378042e+00 -5.52627981e-01 -5.15971422e-01 -5.88458717e-01
  1.33778811e+00 -1.40649164e+00 -2.07429242e+00 -1.53759396e+00
 -1.39363348e+00 -4.35137779e-01  4.05098557e-01 -1.34170547e-01
 -3.27311516e-01 -3.11375642e+00 -2.01199365e+00 -2.53254771e-01
 -2.01763317e-01 -9.78023708e-02 -3.08433205e-01 -3.97064567e-01
  4.78760749e-02 -7.38387555e-02 -1.07868232e-01 -1.69082448e-01
 -3.33231866e-01  3.25706542e-01 -8.12425017e-02 -4.11186606e-01
 -3.93884450e-01 -5.22241928e-02 -1.39772758e-01  3.02264035e-01]",2
"[-2.79437531e+02  1.30304657e+02  1.21730413e+01  1.43306506e+00
  2.94487858e+00  2.06300902e+00  5.18936634e-01  1.56023932e+00
 -2.23525494e-01 -6.04503989e-01 -2.06806868e-01 -8.86529088e-01
  1.41250134e+00 -2.08310890e+00 -3.56084800e+00 -2.70935178e+00
 -2.71334839e+00 -2.66028500e+00 -1.28117621e+00 -5.76924503e-01
 -5.52675009e-01 -2.74755073e+00 -2.79399896e+00 -2.19588804e+00
 -1.19113815e+00 -3.40022206e-01 -7.27639496e-01 -1.92266786e+00
 -1.51328182e+00 -3.47559243e-01  1.25915065e-01  1.20235346e-01
 -1.64201736e-01 -2.02238262e-01 -6.94763124e-01 -6.42876208e-01
 -1.55370720e-02  2.44471744e-01  1.02923729e-01  5.97387373e-01]",2
"[-2.6545776e+02  1.3682854e+02  9.3338776e+00  2.8519537e+00
  1.9271401e+00  2.2113543e+00  1.0583808e+00  1.0755786e+00
 -4.0381524e-01  2.3735304e-01  7.4429899e-02 -8.4720612e-01
  2.1477690e+00 -1.2436839e+00 -2.8089955e+00 -2.5582981e+00
 -2.4981532e+00 -2.0030589e+00 -1.1016363e+00  7.4371971e-02
 -1.4815542e-01 -2.8561721e+00 -3.1937284e+00 -2.0090365e+00
 -9.5430249e-01 -3.5035890e-01 -9.5467597e-01 -1.6103777e+00
 -1.9142741e+00 -5.3885049e-01  6.0722011e-01  3.1166840e-01
  2.6105809e-01  4.0555727e-01 -1.8361787e-01 -4.2269480e-01
 -4.2248464e-01 -2.3463665e-01 -6.3040215e-01 -1.9152291e-01]",2
"[-2.6992114e+02  1.3541437e+02  1.1391683e+01  3.8802445e+00
  3.4479642e+00  2.4511430e+00  1.0600716e+00  1.6397716e+00
 -2.1427108e-01  8.0741018e-02 -1.7401887e-01 -9.8102021e-01
  1.2043406e+00 -1.6399987e+00 -2.8642550e+00 -2.8487656e+00
 -3.9381163e+00 -3.1255403e+00 -9.0162730e-01  2.3279808e-02
 -4.8950350e-01 -2.3210921e+00 -2.1523421e+00 -1.7281882e+00
 -1.0403079e+00 -4.7229514e-01 -7.9546058e-01 -7.3428208e-01
 -8.5110688e-01  9.4582498e-02  6.0888696e-01  4.6469122e-01
  8.5377854e-01  9.4977731e-01  2.1681598e-01  2.5828943e-01
  1.1276492e-03  4.4969010e-01  6.0406029e-01  8.9059180e-01]",2
"[-2.6490836e+02  1.2831113e+02  8.5945692e+00  1.0752678e+00
 -3.3533779e-01  2.1809301e+00  5.4850781e-01  7.7383035e-01
 -1.3839003e+00 -7.8479552e-01 -1.5308274e-01 -1.5636386e+00
  1.7949491e+00 -1.1247904e+00 -2.7509882e+00 -2.7884750e+00
 -2.4700933e+00 -3.2394025e+00 -1.2053000e+00 -5.1197368e-01
 -7.8400415e-01 -2.1954701e+00 -2.4934981e+00 -1.4113694e+00
 -1.1186044e+00  2.7614921e-01 -3.6066514e-02 -9.2665875e-01
 -9.9370259e-01 -7.0413835e-03  1.3157600e+00  3.3868006e-01
  3.0373776e-01  1.1883632e+00  1.4615095e-01  1.7659932e-01
  9.2044622e-02  6.5330857e-01  2.9277092e-01  8.4677708e-01]",2
"[-2.5843802e+02  1.3608214e+02  7.5714355e+00  4.2816615e+00
  2.7601976e+00  3.2084863e+00  5.7193077e-01  1.4451475e+00
  7.5319517e-01  3.6143106e-01 -4.9810410e-03 -1.5209701e+00
  2.0378389e+00 -5.6474441e-01 -2.8507688e+00 -2.9669070e+00
 -2.7993402e+00 -1.8264421e+00  3.4611773e-02  7.5181144e-01
 -3.2111543e-01 -2.4565752e+00 -3.0212271e+00 -1.7984805e+00
 -4.7784626e-01 -2.2640388e-01 -7.9759544e-01 -6.0664040e-01
 -5.9928554e-01 -2.9488549e-01  6.8182105e-01 -3.8496786e-01
 -2.7287048e-01  5.2892488e-01  1.6107391e-01  4.4404101e-01
 -1.6247894e-01  2.5773734e-01  7.5375211e-01  4.1223377e-01]",2
"[-2.6074960e+02  1.3407643e+02  8.9771309e+00  2.9193330e+00
  9.2290241e-01  2.7013004e+00  6.8830794e-01  1.5511774e+00
  4.8757128e-02  1.5129153e-01 -2.2647399e-01 -1.7859534e+00
  1.8137710e+00 -1.4685613e+00 -2.4480367e+00 -2.4935625e+00
 -3.4891074e+00 -2.9675643e+00 -1.1510618e+00 -6.4851117e-01
 -9.3730681e-02 -2.3429472e+00 -2.9912753e+00 -2.3889928e+00
 -1.4942250e+00 -1.5350832e-01 -9.2474830e-01 -1.3068475e+00
 -8.6239612e-01  2.7934344e-02  8.0248684e-01  1.9198373e-01
  1.6370399e-01  5.3265220e-01  3.8649863e-01  8.3394405e-03
 -5.4705608e-01 -6.1338311e-01 -6.8046695e-01  1.9537632e-01]",2
"[-2.6700397e+02  1.3595848e+02  9.8553791e+00  2.8813503e+00
  2.1219454e+00  2.8024671e+00  1.4349769e+00  1.5712508e+00
 -7.2774738e-01 -6.5127802e-01 -4.7270966e-01 -9.3211228e-01
  2.1303029e+00 -8.9564413e-01 -2.0061069e+00 -2.4970744e+00
 -3.2794330e+00 -2.7983963e+00 -1.1971345e+00  5.4594725e-01
 -3.0945688e-01 -2.6344168e+00 -2.9599583e+00 -1.6946641e+00
 -1.0166540e+00 -5.8939677e-01 -5.3105867e-01 -9.5034295e-01
 -5.4527330e-01  3.0443728e-01  2.2317579e-01  1.6609249e-01
  8.8653779e-01  6.5383840e-01  9.9118665e-02  3.5945961e-01
  6.4100313e-01  4.1575187e-01  3.8151309e-02  1.0504726e-01]",2
"[-2.6602155e+02  1.3658817e+02  9.3468256e+00  3.5381312e+00
  2.7741497e+00  3.2153795e+00  2.1930926e+00  1.6099571e+00
 -3.3022033e-03 -4.5020276e-01 -7.0068657e-01 -5.6241411e-01
  2.5576367e+00 -4.5687139e-01 -2.5008698e+00 -2.4668217e+00
 -3.5331905e+00 -2.0108318e+00 -8.9904964e-02  5.8960271e-01
  4.3916973e-01 -1.4708679e+00 -1.5878203e+00 -1.4514999e+00
 -1.6133301e+00 -6.5970188e-01 -1.0959107e+00 -1.2722032e+00
 -9.4955391e-01 -1.4641993e-01  3.2551879e-01 -2.4408804e-01
  3.2278396e-02  4.1549507e-01  1.4741892e-01  2.9965794e-01
  2.6784298e-01  1.1749620e-03 -3.3058718e-01  4.4779417e-01]",2
"[-3.6213757e+02  7.5431870e+01  3.4612537e+01  2.5180849e+01
  1.4226573e+01  5.6569586e+00  3.7090518e+00  7.3514981e+00
  4.2865171e+00 -5.6442493e-01  1.9088379e+00  1.8858380e-03
 -3.0724919e+00 -1.0480664e+00 -1.2571824e+00 -1.2257716e-01
 -5.8678067e-01 -1.8470786e+00 -2.0324419e+00 -1.8472265e+00
  6.4918089e-01 -3.0131575e-01 -7.2332799e-01 -1.0075654e+00
 -8.5187429e-01 -2.6729751e+00 -1.5282022e+00 -8.3020639e-01
 -1.0421386e+00 -6.2133823e-02  7.6250237e-01 -9.0686756e-01
 -1.1240199e+00  2.6065262e-02 -4.9054453e-01 -1.0143569e+00
 -5.2990001e-01 -2.2871208e-01  3.3425415e-01 -5.7179254e-01]",2
"[-2.7016745e+02  1.3484714e+02  1.0601856e+01  2.4133306e+00
  2.2962058e+00  1.9608233e+00  6.8910754e-01  7.0818681e-01
 -7.8202778e-01 -2.9719493e-01  2.9102457e-01 -1.0566924e+00
  1.6256711e+00 -1.2592568e+00 -2.7816072e+00 -2.9612973e+00
 -3.2157638e+00 -2.3574371e+00 -6.7022806e-01  9.6228462e-01
  5.8258075e-02 -1.7682961e+00 -1.7340418e+00 -2.0465772e+00
 -1.4458681e+00 -1.7814770e-01 -3.6197487e-01 -5.1184845e-01
 -7.9684806e-01  1.8290868e-02  6.1775815e-01 -4.5217538e-01
 -6.7306048e-01 -2.7350336e-01 -3.7086719e-01  4.2644241e-01
  2.3879203e-01  7.3031008e-01  3.3020619e-01  8.1420356e-01]",2
"[-3.4781876e+02  8.5296814e+01  3.8175144e+01  2.4169090e+01
  1.0460515e+01  3.4572160e+00  6.9084209e-01  3.9137559e+00
  1.4480447e+00 -1.7221736e+00  1.5697335e+00 -8.4548217e-01
 -3.9791598e+00 -1.0466104e+00 -1.1504946e+00 -1.1201396e+00
 -2.5956037e+00 -2.6807992e+00 -2.7328396e+00 -2.9918900e+00
 -4.9431112e-01 -5.7809919e-01 -9.1518921e-01 -9.7626042e-01
 -5.2628340e-03 -1.4218140e+00  3.7931496e-01  9.9728805e-01
 -2.2238438e-01  7.5290400e-01  5.3913796e-01 -6.6764325e-01
 -7.0713282e-01 -4.8684406e-01 -1.2576612e+00 -1.3052859e+00
 -3.1268671e-01  1.6314051e-01 -2.8728184e-01 -1.4351450e+00]",2
"[-3.3908600e+02  8.3135712e+01  3.6619961e+01  2.5421000e+01
  9.2951622e+00  3.4570584e+00 -2.0121163e-01  3.4388552e+00
  7.4568665e-01 -3.1403341e+00  1.4057988e+00 -3.4658772e-01
 -1.5172564e+00  6.7714411e-01 -1.4495429e+00 -9.6475995e-01
 -1.8340250e+00 -1.4285942e+00 -1.7594934e+00 -2.3408031e+00
  9.9892992e-01 -1.5440653e-01  1.8089308e-01  2.1976842e-01
  1.0300232e+00 -1.0463116e+00  5.2561104e-01  1.8972956e-01
 -7.8558433e-01  3.7852910e-01 -9.9659778e-02 -1.4099110e+00
 -1.2370563e+00 -3.7758636e-01 -1.1276832e+00 -1.5555811e+00
 -1.1486990e+00 -1.7921995e+00 -1.5288751e+00 -2.0720565e+00]",2
"[-3.3682260e+02  8.7618233e+01  3.7863396e+01  2.5294802e+01
  9.6885662e+00  2.3247814e+00 -2.3304615e+00  2.0411432e+00
  1.2927644e+00 -1.2232164e+00  1.8505588e+00 -8.2742907e-03
 -1.8690683e+00 -5.6908923e-01 -2.1170568e+00 -2.2606981e+00
 -3.6036274e+00 -2.6871531e+00 -2.8192821e+00 -3.2930708e+00
 -6.0373008e-01 -1.3185563e+00 -8.2157630e-01 -2.3061533e-01
  9.1226357e-01 -1.8104324e+00 -7.2129428e-01 -3.1275368e-01
 -9.0874797e-01 -2.1736287e-02 -4.9327314e-01 -1.3344966e+00
 -1.9260024e-01  1.0786859e+00 -5.9222344e-02  3.1903628e-02
  9.7395134e-01  8.2003188e-01  4.4541442e-01 -3.3241287e-01]",2
"[-3.4792072e+02  8.3126320e+01  3.6233818e+01  2.5226250e+01
  1.1436615e+01  2.6916730e+00  2.1418533e-01  4.6301985e+00
  1.6049454e+00 -3.5867560e+00 -5.2563405e-01 -2.3877745e+00
 -3.4643400e+00 -8.7200993e-01 -1.2186059e+00 -3.8236707e-01
 -2.7119741e-01 -8.0128527e-01 -1.1962683e+00 -1.5597351e+00
 -1.3669445e-01 -9.2199892e-02 -6.7663300e-01 -3.1037366e-01
  2.0187156e-01 -1.9107314e+00 -5.6104854e-02  1.6466380e+00
  4.8973921e-01  7.3628908e-01  6.3382566e-01 -7.1986389e-01
 -9.9857932e-01  2.0362632e-01  4.0364265e-02 -8.5037416e-01
 -2.3334639e-01 -5.3680450e-01  1.9585592e-01 -8.3134800e-01]",2
"[-3.50945160e+02  7.90326233e+01  3.56242485e+01  2.53817863e+01
  1.17925577e+01  3.66128492e+00  5.79144120e-01  5.67949772e+00
  4.34449244e+00 -1.45537472e+00 -2.44151011e-01 -1.70840895e+00
 -1.95845473e+00 -1.07670617e+00 -2.53301287e+00 -1.62160110e+00
 -1.98762596e+00 -1.92083633e+00 -1.34681368e+00 -1.98255873e+00
 -1.67597637e-01 -2.19371483e-01 -7.64807642e-01 -1.07669592e+00
  4.46572900e-01 -1.81661963e+00 -6.40356183e-01  8.08095098e-01
 -1.13664694e-01  1.35534978e+00  5.94899476e-01 -9.53453362e-01
 -6.15154982e-01 -2.46745031e-02 -4.29611415e-01 -9.18723822e-01
 -1.68106258e-01 -2.63560057e-01 -5.37290573e-02 -9.23926115e-01]",2
